Last Updated: 01/03/2024,,,,,
,,,,,
Column 1 Title,Column 2 Title,Column 3 Title ,Column 4 Title,Column 5 Title,Column 6 Title
Group 1 Title,,,,,
"Column 1, Row 1 Data","Column 2, Row 1 Data","Column 3, Row 1 Data","Column 4, Row 1 Data","Column 5, Row 1 Data","Column 6, Row 1 Data"
"Column 1, Row 2 Data","Column 2, Row 2 Data","Column 3, Row 2 Data","Column 4, Row 2 Data","Column 5, Row 2 Data","Column 6, Row 2 Data"
"Column 1, Row 3 Data","Column 2, Row 3 Data","Column 3, Row 3 Data","Column 4, Row 3 Data","Column 5, Row 3 Data","Column 6, Row 3 Data"
,,,,,
Column 1 Title,Column 2 Title,Column 3 Title ,Column 4 Title,Column 5 Title,Column 6 Title
Group 2 Title,,,,,
"Column 1, Row 1 Data","Column 2, Row 1 Data","Column 3, Row 1 Data","Column 4, Row 1 Data","Column 5, Row 1 Data","Column 6, Row 1 Data"
"Column 1, Row 2 Data","Column 2, Row 2 Data","Column 3, Row 2 Data","Column 4, Row 2 Data","Column 5, Row 2 Data","Column 6, Row 2 Data"
"Column 1, Row 3 Data","Column 2, Row 3 Data","Column 3, Row 3 Data","Column 4, Row 3 Data","Column 5, Row 3 Data","Column 6, Row 3 Data"
